Station,Year,Jan,Feb,Mar,Apr,May,Jun,Jul,Aug,Sep,Oct,Nov,Dec,Lat,Lon
2077,2000,17.92,112.01,28.05,14.41,0.0,5.9,0.0,0.01,0.01,23.51,3.52,1.5,32.1019,-116.8111
2077,2001,50.11,115.51,29.21,30.01,0.0,0.0,0.01,0.0,0.0,0.0,17.32,23.4,32.1019,-116.8111
2077,2002,11.01,4.8,20.4,16.22,0.0,0.0,0.0,0.0,15.0,0.0,27.7,48.01,32.1019,-116.8111
2077,2003,0.01,157.5,82.71,24.51,10.5,2.0,2.01,0.0,0.0,0.0,17.0,23.01,32.1019,-116.8111
2077,2004,8.5,103.9,13.2,5.7,0.01,0.0,0.0,0.0,0.0,174.1,23.3,112.81,32.1019,-116.8111
2077,2005,103.8,119.32,26.6,7.91,3.7,0.0,0.0,0.0,0.0,11.5,0.02,0.01,32.1019,-116.8111
2077,2006,9.91,9.0,62.81,33.11,22.0,0.0,0.0,0.0,0.0,5.52,3.01,28.8,32.1019,-116.8111
2077,2007,39.01,50.72,7.01,14.0,0.0,0.0,0.0,0.0,7.0,0.02,1.5,21.52,32.1019,-116.8111
2077,2008,99.01,48.22,13.0,0.0,15.5,0.0,3.8,0.0,0.0,1.5,46.21,150.0,32.1019,-116.8111
2077,2009,3.0,86.0,0.0,5.01,0.0,0.0,0.0,0.0,0.0,1.3,15.9,106.0,32.1019,-116.8111
2077,2010,158.2,100.51,43.7,54.32,0.0,0.0,0.0,0.0,0.0,56.72,26.71,132.51,32.1019,-116.8111
2077,2011,10.0,140.01,65.5,10.0,12.51,0.01,0.0,0.0,0.0,6.0,104.0,35.7,32.1019,-116.8111
2077,2012,14.0,50.01,58.5,42.02,0.0,0.0,0.0,0.0,2.01,11.0,5.0,69.71,32.1019,-116.8111
2077,2013,56.4,17.53,44.0,2.01,10.7,0.0,0.01,4.5,0.0,30.0,10.0,18.71,32.1019,-116.8111
2077,2014,11.05,22.9,10.01,15.56,0.0,0.0,0.0,0.01,0.0,0.0,12.0,95.01,32.1019,-116.8111
2077,2015,23.01,22.0,36.5,3.52,57.02,0.01,0.01,0.01,3.72,12.52,10.61,57.1,32.1019,-116.8111
2077,2016,121.01,0.0,28.51,23.53,17.52,0.0,0.0,0.0,45.01,1.5,37.5,151.31,32.1019,-116.8111
2077,2017,101.51,152.01,3.0,0.0,23.3,0.0,0.0,0.01,0.01,0.0,0.01,2.0,32.1019,-116.8111
2077,2018,62.01,25.01,13.5,0.01,0.01,0.0,0.0,0.0,0.0,0.03,31.03,40.5,32.1019,-116.8111
2077,2019,60.5,125.5,27.02,3.0,6.82,0.0,0.0,0.0,0.03,0.0,115.0,100.3,32.1019,-116.8111
2077,2020,20.0,33.51,83.24,63.51,0.01,2.01,0.0,0.01,0.0,0.0,6.5,20.0,32.1019,-116.8111
2001,1969,90.3,82.6,51.5,2.7,10.0,0.0,0.0,0.0,0.0,0.0,13.2,11.4,32.1075,-116.4541
2001,1970,4.3,66.4,59.7,10.6,0.0,0.0,0.0,2.5,0.0,2.0,27.0,65.5,32.1075,-116.4541
2001,1971,17.0,26.7,2.3,23.0,11.0,0.0,0.0,4.0,6.0,24.5,1.0,44.5,32.1075,-116.4541
2001,1972,0.0,2.5,0.0,1.0,3.0,43.0,0.0,0.0,1.5,52.5,47.0,40.0,32.1075,-116.4541
2001,1973,45.5,60.5,106.0,4.5,1.0,0.0,0.0,0.5,0.0,0.0,27.5,3.5,32.1075,-116.4541
2001,1974,71.2,4.9,31.5,3.0,0.0,0.0,39.0,0.0,,27.0,3.7,24.0,32.1075,-116.4541
2001,1975,14.0,20.5,58.1,63.9,0.0,1.0,1.5,3.0,0.6,1.0,29.3,7.5,32.1075,-116.4541
2001,1976,0.0,107.1,37.1,24.7,0.0,0.0,3.9,0.4,92.4,2.9,48.2,34.2,32.1075,-116.4541
2001,1977,38.4,11.0,31.8,4.7,22.5,2.8,0.0,89.0,0.0,19.8,6.5,92.9,32.1075,-116.4541
2001,1978,119.6,124.6,143.1,29.4,0.0,0.0,0.0,0.0,8.5,0.0,91.3,72.7,32.1075,-116.4541
2001,1979,115.0,20.2,117.3,0.3,9.0,0.0,4.5,0.0,0.0,9.5,6.7,21.5,32.1075,-116.4541
2001,1980,191.6,197.8,85.8,24.3,11.5,0.0,2.0,0.0,0.0,0.0,0.0,9.7,32.1075,-116.4541
2001,1981,40.3,61.0,68.0,17.5,0.0,0.0,0.0,0.0,2.3,2.0,32.5,7.5,32.1075,-116.4541
2001,1982,77.7,27.6,108.0,8.5,1.2,0.0,0.0,0.0,3.6,4.5,76.6,73.0,32.1075,-116.4541
2001,1983,52.2,109.4,161.0,57.8,3.0,0.0,0.0,19.4,20.0,45.0,54.0,33.0,32.1075,-116.4541
2001,1984,13.5,0.0,1.0,12.2,0.0,0.0,6.8,4.2,0.0,1.8,26.1,76.9,32.1075,-116.4541
2001,1985,14.1,32.2,22.0,5.0,0.0,0.0,10.0,0.0,21.0,28.7,81.1,27.5,32.1075,-116.4541
2001,1986,22.3,47.5,78.5,3.0,0.0,0.0,1.5,1.5,6.0,13.0,8.0,29.0,32.1075,-116.4541
2001,1987,40.8,75.1,32.9,13.0,3.0,0.0,0.0,2.0,9.5,102.0,46.5,55.0,32.1075,-116.4541
2001,1988,65.0,20.0,19.0,54.5,0.0,0.0,5.5,0.0,0.0,0.5,11.0,34.2,32.1075,-116.4541
2001,1989,11.3,5.0,29.1,0.5,1.6,0.0,0.1,0.0,1.1,6.7,0.2,3.4,32.1075,-116.4541
2001,1990,79.3,23.5,11.0,8.9,6.5,3.0,0.1,0.2,0.1,0.1,19.0,31.6,32.1075,-116.4541
2001,1991,39.7,42.0,141.5,0.6,0.2,0.0,21.7,0.0,0.5,14.6,7.0,38.6,32.1075,-116.4541
2001,1992,49.6,108.4,110.1,1.5,19.7,0.0,0.2,19.3,0.0,6.1,0.0,123.2,32.1075,-116.4541
2001,1993,216.1,143.2,22.6,0.0,3.0,3.5,0.0,0.0,0.0,2.1,20.5,22.6,32.1075,-116.4541
2001,1994,20.5,84.0,60.0,18.6,0.0,0.0,0.0,21.0,0.0,0.2,12.6,32.2,32.1075,-116.4541
2001,1995,145.5,62.8,97.6,31.1,11.0,5.5,1.5,0.0,6.7,0.1,4.5,11.7,32.1075,-116.4541
2001,1996,33.0,47.1,54.5,2.5,0.0,0.0,0.1,10.0,0.0,0.1,15.1,10.5,32.1075,-116.4541
2001,1997,70.3,33.2,0.0,8.5,0.0,4.7,0.0,0.3,26.1,1.1,53.1,85.0,32.1075,-116.4541
2001,1998,33.8,233.5,112.1,38.6,17.1,0.2,0.2,30.6,4.1,4.6,19.1,21.8,32.1075,-116.4541
2001,1999,23.1,18.1,23.3,46.2,0.1,1.5,4.6,0.0,0.3,0.0,0.0,6.0,32.1075,-116.4541
2001,2000,6.51,85.02,28.02,9.01,0.01,12.5,0.0,0.02,2.01,12.02,13.52,3.51,32.1075,-116.4541
2001,2001,90.01,83.53,28.01,31.5,0.01,0.0,5.02,2.0,1.5,0.0,10.52,28.52,32.1075,-116.4541
2001,2002,2.06,1.51,22.11,8.02,0.0,0.0,3.5,0.0,14.0,0.51,18.51,33.02,32.1075,-116.4541
2001,2003,3.0,118.51,51.5,27.73,3.01,0.01,11.04,2.52,0.52,0.0,14.02,15.03,32.1075,-116.4541
2001,2004,11.54,71.52,10.5,8.02,0.0,0.0,0.01,4.0,5.0,143.5,25.5,104.02,32.1075,-116.4541
2001,2005,64.41,84.53,14.62,5.53,3.5,0.0,0.5,1.51,0.0,9.01,0.01,0.0,32.1075,-116.4541
2001,2006,3.5,3.5,67.12,29.51,16.0,0.0,0.08,0.0,0.8,3.51,0.41,13.6,32.1075,-116.4541
2001,2007,16.41,27.21,8.12,6.4,3.8,0.0,0.0,0.01,1.52,0.0,50.0,20.62,32.1075,-116.4541
2001,2008,100.01,31.52,12.01,0.0,8.72,2.1,0.01,9.9,0.01,0.0,43.01,,32.1075,-116.4541
2001,2009,2.41,61.01,0.0,5.73,0.0,1.02,0.01,1.21,5.02,0.02,13.53,27.32,32.1075,-116.4541
2001,2010,205.71,71.82,26.83,38.9,0.0,0.0,1.5,0.03,0.0,47.24,16.5,68.2,32.1075,-116.4541
2001,2011,20.4,107.51,31.82,15.51,32.72,0.0,3.71,0.0,0.05,4.92,74.3,30.6,32.1075,-116.4541
2001,2012,4.51,50.81,52.4,46.91,0.0,0.0,0.01,5.23,8.01,1.3,,,32.1075,-116.4541
2001,2013,64.11,31.61,31.8,0.0,7.6,0.0,1.93,3.11,3.94,28.51,8.61,11.0,32.1075,-116.4541
2001,2014,1.51,8.51,27.22,9.9,0.01,0.0,1.91,1.51,0.0,0.01,4.31,53.61,32.1075,-116.4541
2001,2015,11.38,4.5,26.71,6.01,34.41,0.02,6.91,0.02,3.24,31.42,20.12,37.51,32.1075,-116.4541
2001,2016,99.01,0.0,26.7,24.32,20.1,0.0,0.01,0.0,19.7,0.0,25.41,109.6,32.1075,-116.4541
2001,2017,108.5,73.91,5.82,0.0,6.91,0.0,0.01,1.01,0.01,0.0,3.0,0.01,32.1075,-116.4541
2001,2018,42.41,21.2,12.91,0.0,0.0,0.0,0.02,0.02,1.5,2.81,28.71,63.9,32.1075,-116.4541
2001,2019,48.82,126.61,16.33,6.0,31.3,0.0,3.41,0.0,12.22,0.0,100.6,81.2,32.1075,-116.4541
2001,2020,10.6,35.8,78.5,62.71,0.01,0.0,0.0,0.0,0.0,0.0,14.1,10.0,32.1075,-116.4541
2001,2021,0.0,,,,,,,,,,,,32.1075,-116.4541
2001,2022,,,,,,,0.0,0.0,20.0,0.03,16.41,29.41,32.1075,-116.4541
2001,2023,91.32,7.51,63.32,0.0,0.0,0.0,1.21,41.5,0.0,,,,32.1075,-116.4541
2004,1964,,,,,,,,,,,,35.8,32.1952,-116.4855
2004,1965,10.7,47.3,39.3,145.5,0.1,0.2,7.0,6.0,6.5,0.0,161.5,121.6,32.1952,-116.4855
2004,1966,17.5,54.0,26.0,0.0,0.7,0.0,0.0,0.0,0.0,0.0,0.0,13.5,32.1952,-116.4855
2004,1967,0.0,0.0,14.7,84.5,0.0,0.0,2.4,0.0,0.0,0.0,61.5,119.9,32.1952,-116.4855
2004,1968,13.6,15.2,28.0,4.3,8.7,3.1,16.5,0.0,0.0,1.2,13.2,41.4,32.1952,-116.4855
2004,1969,192.2,156.6,47.6,6.3,11.5,0.0,1.5,0.0,6.3,0.0,20.1,13.0,32.1952,-116.4855
2004,1970,10.1,78.5,63.5,15.5,0.0,0.0,0.0,11.2,0.0,3.5,28.9,91.9,32.1952,-116.4855
2004,1971,30.2,34.0,11.6,33.0,19.6,0.0,0.0,3.1,9.4,43.9,6.9,77.7,32.1952,-116.4855
2004,1972,0.0,5.3,0.2,1.4,3.8,29.7,0.0,6.0,45.0,56.5,49.2,30.5,32.1952,-116.4855
2004,1973,60.3,92.7,147.1,7.8,3.3,0.0,0.0,12.2,0.0,1.5,51.5,3.3,32.1952,-116.4855
2004,1974,83.2,1.3,43.0,1.6,0.0,0.0,43.3,0.0,0.0,46.6,6.1,28.4,32.1952,-116.4855
2004,1975,26.7,24.2,71.5,69.1,0.5,2.7,0.0,0.0,5.6,0.0,23.3,7.0,32.1952,-116.4855
2004,1976,0.3,158.1,40.55,39.9,0.2,0.1,3.6,0.0,103.9,16.4,29.1,32.4,32.1952,-116.4855
2004,1977,50.5,7.5,36.9,7.7,24.4,2.1,1.3,59.4,0.0,34.4,3.6,126.8,32.1952,-116.4855
2004,1978,183.9,151.2,205.8,36.9,0.2,0.0,0.0,0.0,2.8,2.3,112.8,95.7,32.1952,-116.4855
2004,1979,124.6,37.9,160.3,2.3,7.0,0.0,8.0,0.0,0.0,11.3,7.6,26.0,32.1952,-116.4855
2004,1980,299.7,240.7,85.7,41.0,16.8,0.0,0.0,0.0,0.0,0.0,0.0,12.9,32.1952,-116.4855
2004,1981,42.8,67.4,100.0,15.7,2.3,0.0,0.0,1.7,1.5,2.8,48.8,10.0,32.1952,-116.4855
2004,1982,1.7,51.3,106.1,11.4,2.0,0.0,7.0,1.7,5.6,4.7,111.6,85.1,32.1952,-116.4855
2004,1983,0.0,119.3,230.0,61.4,0.0,0.0,0.0,64.3,17.5,28.0,61.4,57.3,32.1952,-116.4855
2004,1984,10.0,0.0,10.0,10.0,,,0.4,13.0,0.4,0.4,30.3,107.1,32.1952,-116.4855
2004,1985,11.2,36.1,15.0,0.4,0.0,0.0,2.0,0.0,12.0,43.0,105.0,26.0,32.1952,-116.4855
2004,1986,17.4,99.0,76.0,3.0,0.0,0.0,2.0,0.0,12.0,18.0,15.0,47.5,32.1952,-116.4855
2004,1987,38.0,82.0,41.4,10.0,1.5,0.0,0.0,0.0,10.0,100.0,96.0,63.0,32.1952,-116.4855
2004,1988,13.0,35.3,25.0,89.0,0.0,0.0,0.0,0.0,0.0,0.0,19.0,13.0,32.1952,-116.4855
2004,1989,,48.0,23.0,2.0,1.5,0.0,0.0,0.0,3.5,4.0,3.5,2.5,32.1952,-116.4855
2004,1990,95.0,33.5,11.5,13.6,6.5,7.0,0.0,0.0,0.0,0.0,28.5,38.0,32.1952,-116.4855
2004,1991,40.7,182.0,169.5,,1.7,0.0,4.0,0.0,32.0,17.0,21.0,,32.1952,-116.4855
2004,1992,58.1,99.0,118.0,4.0,20.0,0.0,,,,,,,32.1952,-116.4855
2004,1993,,,,0.0,4.0,3.0,0.0,2.0,0.0,10.5,31.51,23.5,32.1952,-116.4855
2004,1994,14.5,105.51,57.1,36.0,0.0,0.0,0.0,16.0,0.0,6.5,35.4,3.5,32.1952,-116.4855
2004,1995,174.53,95.5,64.5,38.0,13.0,0.5,0.0,,3.0,,6.0,11.0,32.1952,-116.4855
2004,1996,56.0,44.0,56.5,4.0,0.0,0.0,5.0,17.0,0.0,21.0,26.0,12.0,32.1952,-116.4855
2004,1997,126.2,32.0,0.0,14.5,0.0,6.0,0.0,0.0,31.0,1.0,52.5,97.5,32.1952,-116.4855
2004,1998,55.5,257.0,114.5,22.0,44.1,0.5,0.0,27.0,4.0,6.0,26.0,30.0,32.1952,-116.4855
2004,1999,21.3,0.0,21.6,,,,,,,,,,32.1952,-116.4855
2004,2000,5.0,103.7,23.5,0.0,0.0,8.0,0.0,0.0,3.0,10.0,18.5,2.5,32.1952,-116.4855
2004,2001,90.0,105.0,0.0,15.5,0.0,0.0,3.0,0.2,0.0,0.0,19.5,33.5,32.1952,-116.4855
2004,2002,6.5,1.0,28.0,2.01,0.0,0.0,,,,,,,32.1952,-116.4855
2004,2003,,,,,,0.0,0.0,0.0,0.0,0.0,16.6,19.9,32.1952,-116.4855
2004,2004,7.7,82.1,18.2,11.8,0.0,0.0,0.0,0.0,0.0,97.2,29.5,74.5,32.1952,-116.4855
2004,2007,0.0,0.0,0.0,0.0,0.0,0.0,0.0,0.0,5.0,0.0,45.0,33.5,32.1952,-116.4855
2004,2008,163.8,67.0,10.0,0.0,8.81,0.0,8.5,7.5,0.0,0.0,57.5,,32.1952,-116.4855
2004,2009,1.0,69.0,0.0,4.0,0.0,0.7,0.0,0.0,2.0,0.0,22.0,105.0,32.1952,-116.4855
2004,2010,176.0,61.0,28.0,23.5,0.0,0.0,0.0,9.5,0.5,52.0,21.5,99.51,32.1952,-116.4855
2004,2011,12.0,133.0,45.0,13.5,8.02,0.0,4.0,0.0,2.0,8.5,97.5,30.0,32.1952,-116.4855
2004,2012,8.5,56.0,61.0,51.0,0.0,0.0,0.0,1.01,7.0,3.5,,,32.1952,-116.4855
2004,2013,73.02,39.01,32.51,1.02,12.5,0.0,2.03,11.0,11.5,28.5,9.01,19.53,32.1952,-116.4855
2004,2014,4.5,11.51,22.5,8.0,0.0,0.0,2.5,5.7,0.0,0.01,9.5,59.0,32.1952,-116.4855
2004,2015,49.5,51.0,45.5,8.0,58.01,0.0,43.51,0.01,7.01,15.51,19.52,26.01,32.1952,-116.4855
2004,2016,106.03,0.0,31.51,28.02,0.01,0.0,0.0,0.0,0.0,0.0,40.0,153.5,32.1952,-116.4855
2004,2017,130.2,99.53,12.0,0.0,18.51,0.0,0.0,7.5,0.01,0.01,7.5,0.0,32.1952,-116.4855
2004,2018,29.01,23.01,19.5,1.0,0.02,12.0,0.0,0.0,2.5,1.01,17.01,67.5,32.1952,-116.4855
2004,2019,38.01,134.0,14.02,4.53,13.03,0.0,0.0,0.0,15.01,0.0,189.5,122.01,32.1952,-116.4855
2004,2020,6.0,28.5,77.5,49.52,0.01,0.01,0.0,0.0,0.0,0.0,3.0,0.0,32.1952,-116.4855
2005,1948,,,,0.0,0.0,0.0,0.0,,0.0,20.5,2.5,60.3,32.0216,-116.7769
2005,1949,88.4,22.9,29.3,6.0,6.5,,0.0,0.0,0.0,,,31.1,32.0216,-116.7769
2005,1950,61.4,17.9,17.5,0.2,0.0,0.0,0.0,0.0,0.0,0.0,0.0,2.5,32.0216,-116.7769
2005,1951,36.7,27.3,6.0,50.6,0.0,0.5,0.0,10.0,0.0,27.2,38.1,90.9,32.0216,-116.7769
2005,1952,87.6,48.0,153.2,35.8,0.0,0.0,0.0,0.0,0.0,0.0,50.4,44.8,32.0216,-116.7769
2005,1953,7.5,9.4,27.0,13.6,4.2,4.5,0.0,0.0,0.0,0.0,17.0,0.0,32.0216,-116.7769
2005,1954,80.7,24.0,69.0,0.0,1.5,0.0,0.0,0.0,0.0,0.0,10.0,0.7,32.0216,-116.7769
2005,1955,83.5,12.0,10.0,17.7,9.3,0.0,0.0,1.0,2.0,0.0,7.1,8.3,32.0216,-116.7769
2005,1956,23.0,5.3,1.0,32.0,5.0,0.0,0.0,0.0,0.0,18.5,0.0,,32.0216,-116.7769
2005,1957,134.7,8.5,17.5,20.6,33.8,0.0,0.0,0.0,0.0,38.5,18.0,19.8,32.0216,-116.7769
2005,1958,12.0,59.9,68.8,37.0,5.5,0.0,0.0,5.0,1.0,0.0,16.2,0.0,32.0216,-116.7769
2005,1959,2.0,34.9,0.0,3.5,0.0,0.0,0.0,0.0,10.5,0.0,0.0,45.9,32.0216,-116.7769
2005,1960,66.0,40.1,9.0,9.6,2.8,0.0,0.0,0.0,0.5,2.7,28.2,5.9,32.0216,-116.7769
2005,1961,21.8,0.5,24.8,0.0,1.5,0.0,0.0,3.3,0.0,0.5,11.0,20.5,32.0216,-116.7769
2005,1962,57.6,38.7,28.9,0.0,14.0,0.5,0.0,0.0,0.0,0.0,0.0,4.8,32.0216,-116.7769
2005,1963,15.9,22.5,18.5,20.2,0.0,0.0,0.0,0.0,,0.0,26.0,9.0,32.0216,-116.7769
2005,1964,34.0,9.0,49.0,13.0,4.0,0.0,0.0,0.0,0.0,0.0,29.0,2.7,32.0216,-116.7769
2005,1965,9.3,35.0,27.4,73.0,0.0,0.0,0.0,0.0,0.0,0.0,105.7,148.9,32.0216,-116.7769
2005,1966,63.8,51.2,9.5,0.0,0.0,0.02,1.5,0.0,0.0,0.0,17.5,152.3,32.0216,-116.7769
2005,1967,47.0,0.0,17.1,72.2,1.2,2.5,0.0,0.0,0.0,0.0,72.8,99.5,32.0216,-116.7769
2005,1968,13.0,22.2,37.0,18.6,1.0,1.0,0.5,0.0,0.0,4.0,20.0,30.0,32.0216,-116.7769
2005,1969,165.4,127.6,35.3,5.0,18.9,2.7,0.0,0.0,0.0,0.0,20.11,9.0,32.0216,-116.7769
2005,1970,13.0,65.7,80.5,10.0,1.5,1.1,0.0,0.0,0.0,3.0,31.3,74.5,32.0216,-116.7769
2005,1971,13.2,41.6,5.5,22.0,57.0,0.0,0.0,3.0,16.0,29.0,6.5,71.0,32.0216,-116.7769
2005,1972,0.0,2.0,0.0,2.2,16.7,5.1,0.8,0.0,11.6,43.0,57.1,41.8,32.0216,-116.7769
2005,1973,66.0,54.0,131.0,4.5,2.5,0.0,0.0,1.0,0.0,0.0,34.5,7.0,32.0216,-116.7769
2005,1974,79.5,4.5,31.5,5.0,1.5,0.0,0.0,0.0,0.0,34.5,2.0,54.3,32.0216,-116.7769
2005,1975,25.0,12.6,69.1,66.0,2.3,1.0,0.0,0.0,1.0,2.8,36.5,8.0,32.0216,-116.7769
2005,1976,0.0,178.0,53.5,36.5,5.5,0.0,0.0,0.0,34.5,18.5,33.5,28.0,32.0216,-116.7769
2005,1977,64.5,5.0,19.0,5.0,24.0,0.5,0.0,25.5,0.0,20.5,2.5,96.5,32.0216,-116.7769
2005,1978,192.5,133.5,201.0,38.5,0.0,0.0,0.0,0.0,0.0,2.0,78.0,63.5,32.0216,-116.7769
2005,1979,111.5,17.9,53.3,0.0,3.8,,0.0,0.0,0.0,8.5,10.5,3.3,32.0216,-116.7769
2005,1980,285.3,222.3,77.9,44.0,6.5,0.0,0.0,0.0,0.0,1.8,0.0,12.0,32.0216,-116.7769
2005,1981,28.3,73.6,93.5,23.0,0.0,0.0,0.0,0.0,1.0,4.9,35.0,15.0,32.0216,-116.7769
2005,1982,84.0,39.5,81.7,7.0,0.0,0.0,0.0,0.0,15.0,4.6,94.6,75.1,32.0216,-116.7769
2005,1983,46.0,143.1,272.8,68.8,0.0,0.0,0.0,2.5,41.5,57.0,25.4,78.7,32.0216,-116.7769
2005,1984,10.8,0.0,0.0,18.4,0.0,0.0,1.5,2.0,0.0,2.0,50.0,166.8,32.0216,-116.7769
2005,1985,19.5,33.5,25.6,2.0,2.0,5.0,0.0,0.0,11.5,53.8,136.5,28.5,32.0216,-116.7769
2005,1986,35.0,81.0,82.0,6.0,0.0,0.0,1.0,0.0,25.5,9.0,22.5,33.6,32.0216,-116.7769
2005,1987,44.9,81.1,25.4,20.0,0.0,0.0,0.0,0.0,0.0,109.3,46.5,,32.0216,-116.7769
2005,2000,17.92,112.01,28.05,14.41,0.0,5.9,0.0,0.01,0.01,23.51,3.52,1.5,32.0216,-116.7769
2005,2001,50.11,115.51,29.21,30.01,0.0,0.0,0.01,0.0,0.0,0.0,17.32,23.4,32.0216,-116.7769
2005,2002,11.01,4.8,20.4,16.22,0.0,0.0,0.0,0.0,15.0,0.0,27.7,48.01,32.0216,-116.7769
2005,2003,0.01,157.5,82.71,24.51,10.5,2.0,2.01,0.0,0.0,0.0,17.0,23.01,32.0216,-116.7769
2005,2004,8.5,103.9,13.2,5.7,0.01,0.0,0.0,0.0,0.0,174.1,23.3,112.81,32.0216,-116.7769
2005,2005,103.8,119.32,26.6,7.91,3.7,0.0,0.0,0.0,0.0,11.5,0.02,0.01,32.0216,-116.7769
2005,2006,9.91,9.0,62.81,33.11,22.0,0.0,0.0,0.0,0.0,5.52,3.01,28.8,32.0216,-116.7769
2005,2007,39.01,50.72,7.01,14.0,0.0,0.0,0.0,0.0,1.0,,,,32.0216,-116.7769
2021,1969,250.7,172.4,61.0,5.0,0.0,0.0,0.0,0.0,5.5,0.0,42.0,16.0,32.1833,-116.2916
2021,1970,22.1,72.0,107.0,38.3,0.0,0.0,1.0,38.0,3.0,0.0,45.5,16.0,32.1833,-116.2916
2021,1971,12.0,52.0,9.0,54.5,30.0,0.0,3.0,17.0,16.0,45.5,9.5,113.1,32.1833,-116.2916
2021,1972,0.0,2.0,0.0,5.0,0.0,16.0,1.0,2.0,16.0,9.0,58.5,64.0,32.1833,-116.2916
2021,1973,64.2,63.7,190.4,12.0,4.5,0.0,0.0,18.0,0.0,1.3,26.5,16.0,32.1833,-116.2916
2021,1974,116.3,9.5,49.0,5.0,44.0,0.0,86.3,0.0,7.0,0.0,18.0,27.5,32.1833,-116.2916
2021,1975,20.5,66.2,117.4,87.3,1.5,,0.0,6.5,58.9,21.0,68.0,19.0,32.1833,-116.2916
2021,1976,2.0,182.0,63.0,78.2,1.5,0.0,15.0,0.0,104.5,29.3,40.0,31.0,32.1833,-116.2916
2021,1977,80.0,27.5,53.5,14.0,56.5,0.0,3.5,81.5,11.0,23.0,12.5,142.0,32.1833,-116.2916
2021,1978,231.8,257.0,252.1,59.4,0.5,0.0,0.0,4.0,16.8,21.0,133.4,134.3,32.1833,-116.2916
2021,1979,145.3,44.6,155.7,3.0,21.0,0.0,0.0,,2.0,24.7,11.5,21.0,32.1833,-116.2916
2021,1980,349.4,333.7,136.1,62.9,20.5,0.0,8.5,3.4,0.0,6.2,0.0,22.5,32.1833,-116.2916
2021,1981,51.1,82.1,124.8,36.8,4.2,0.0,0.5,0.8,1.5,3.9,65.1,20.8,32.1833,-116.2916
2021,1982,159.2,16.3,163.9,24.5,3.4,0.0,20.6,53.4,24.0,3.3,149.0,99.4,32.1833,-116.2916
2021,1983,71.6,163.9,301.9,103.5,3.0,0.0,0.0,167.2,30.9,24.3,91.0,83.4,32.1833,-116.2916
2021,1984,5.6,0.9,2.5,23.1,0.0,0.0,107.8,18.6,0.6,5.4,31.6,127.2,32.1833,-116.2916
2021,1985,32.0,53.1,38.1,13.4,0.5,0.8,68.6,0.0,27.8,43.9,146.4,66.8,32.1833,-116.2916
2021,1986,33.5,104.8,128.2,5.9,1.6,0.0,2.5,14.1,19.8,26.2,16.5,32.2,32.1833,-116.2916
2021,1987,57.4,108.8,54.2,19.2,4.3,11.8,0.0,2.3,44.0,131.9,40.3,92.8,32.1833,-116.2916
2021,1988,76.0,24.0,24.0,80.3,4.5,0.0,11.1,24.5,0.2,,26.3,65.1,32.1833,-116.2916
2021,1989,30.7,34.3,45.5,5.3,3.6,0.0,0.0,0.0,5.7,8.5,4.5,5.6,32.1833,-116.2916
2021,1990,101.31,68.0,35.62,35.33,7.83,,25.01,33.22,21.41,,28.8,46.91,32.1833,-116.2916
2021,1991,,,,4.5,,0.0,,,,32.6,16.3,86.0,32.1833,-116.2916
2021,1992,86.0,124.8,205.4,0.0,28.41,0.0,,70.2,20.84,8.12,32.0,,32.1833,-116.2916
2021,1993,326.9,153.33,44.31,0.0,12.0,8.0,0.0,12.0,0.0,13.6,47.3,,32.1833,-116.2916
2021,1994,30.6,,58.1,,,,,,,,,,32.1833,-116.2916
2021,1997,,,,,0.0,,,,,,,77.71,32.1833,-116.2916
2021,1998,34.6,183.7,0.0,0.0,0.0,0.0,0.0,0.0,0.0,0.0,0.0,0.0,32.1833,-116.2916
2021,1999,,,,,,,,,,,,0.0,32.1833,-116.2916
2035,1948,,,,,,0.0,0.0,0.0,0.0,18.0,0.0,18.0,31.9116,-116.2647
2035,1949,122.0,21.0,27.0,0.0,0.0,0.0,1.0,0.0,0.0,17.0,12.0,44.5,31.9116,-116.2647
2035,1950,26.0,9.5,26.0,6.0,7.0,0.0,5.5,0.0,2.5,0.0,10.0,1.0,31.9116,-116.2647
2035,1951,56.2,16.0,26.5,71.2,1.5,0.0,5.5,9.2,0.0,3.2,38.7,116.4,31.9116,-116.2647
2035,1952,53.5,32.0,110.1,24.2,0.0,0.0,4.0,0.0,0.5,0.0,90.0,49.5,31.9116,-116.2647
2035,1953,2.0,30.0,31.5,12.0,0.0,0.0,0.0,0.0,0.0,0.0,16.5,1.0,31.9116,-116.2647
2035,1954,107.5,22.2,109.5,2.0,0.0,0.0,12.5,0.0,4.2,0.0,0.0,11.0,31.9116,-116.2647
2035,1955,71.2,1.0,1.5,7.5,8.1,0.0,9.6,10.5,0.0,0.0,0.0,17.5,31.9116,-116.2647
2035,1956,12.0,12.0,0.0,25.0,3.5,0.0,0.0,0.0,0.0,9.5,0.0,4.5,31.9116,-116.2647
2035,1957,172.5,14.0,2.3,16.5,6.5,14.5,0.0,6.4,0.0,26.8,12.3,8.5,31.9116,-116.2647
2035,1958,5.0,56.7,121.4,70.4,7.5,0.0,0.0,5.0,0.0,0.0,5.5,0.0,31.9116,-116.2647
2035,1959,24.8,63.7,0.0,3.0,0.6,5.0,0.5,1.0,0.4,12.0,11.0,22.0,31.9116,-116.2647
2035,1960,41.5,20.0,6.0,13.1,5.5,1.0,18.0,0.0,28.0,0.0,22.5,9.0,31.9116,-116.2647
2035,1961,33.0,5.0,30.0,2.0,0.0,0.0,16.0,3.0,0.0,12.0,12.0,43.2,31.9116,-116.2647
2035,1962,57.0,67.0,22.5,0.0,2.0,2.0,7.0,0.0,0.0,8.0,0.0,16.5,31.9116,-116.2647
2035,1963,10.5,10.1,16.0,23.5,0.0,0.0,0.0,0.5,14.5,11.0,44.5,13.0,31.9116,-116.2647
2035,1964,28.0,0.0,43.5,3.5,6.5,0.0,0.0,0.0,0.0,6.5,25.5,16.5,31.9116,-116.2647
2035,1965,16.0,53.0,24.0,91.0,0.0,0.0,0.0,10.5,1.0,0.0,66.0,116.0,31.9116,-116.2647
2035,1966,36.0,39.0,13.5,0.0,0.0,0.0,1.0,0.0,0.0,0.0,26.5,67.0,31.9116,-116.2647
2035,1967,16.5,0.0,6.5,38.0,0.0,0.0,4.0,58.0,0.0,0.0,60.5,99.0,31.9116,-116.2647
2035,1968,7.5,13.5,30.5,19.5,1.0,0.0,20.0,0.0,0.0,0.0,0.0,38.0,31.9116,-116.2647
2035,1969,80.0,70.0,20.0,2.5,11.0,0.0,0.0,0.0,0.0,0.0,10.0,2.0,31.9116,-116.2647
2035,1970,0.0,46.0,56.5,11.0,0.0,0.0,0.0,16.5,0.0,4.0,17.5,53.5,31.9116,-116.2647
2035,1971,5.5,17.0,2.5,18.5,3.5,0.0,0.0,20.0,0.0,15.5,0.0,45.5,31.9116,-116.2647
2035,1972,0.0,1.0,0.0,1.0,4.0,3.5,0.0,5.0,0.0,40.0,36.0,33.5,31.9116,-116.2647
2035,1973,31.0,57.5,83.7,0.0,0.0,0.0,0.0,6.0,0.0,0.0,55.0,2.5,31.9116,-116.2647
2035,1974,68.8,5.0,37.5,1.0,0.0,0.0,0.0,8.5,3.5,33.5,5.5,26.5,31.9116,-116.2647
2035,1975,6.5,15.5,65.5,50.0,0.0,0.0,5.5,6.0,12.0,1.0,28.5,5.0,31.9116,-116.2647
2035,1976,0.0,61.1,32.0,35.5,1.0,0.0,15.0,0.0,73.0,12.0,33.0,30.0,31.9116,-116.2647
2035,1977,43.0,6.0,60.0,6.0,9.0,0.0,1.0,100.0,0.0,12.0,0.0,82.0,31.9116,-116.2647
2035,1978,136.0,99.5,90.0,18.5,0.0,0.0,4.0,0.0,7.0,6.0,76.0,82.7,31.9116,-116.2647
2035,1979,166.0,17.7,95.8,1.0,9.0,0.0,0.0,0.0,5.5,6.0,14.0,15.5,31.9116,-116.2647
2035,1980,173.0,190.0,67.5,19.0,3.0,0.0,1.0,0.0,0.0,0.0,0.0,6.0,31.9116,-116.2647
2035,1981,40.0,44.0,88.0,22.8,0.0,0.0,6.0,8.0,19.0,1.0,37.0,4.0,31.9116,-116.2647
2035,1982,75.0,45.7,73.0,0.0,0.0,0.0,0.0,12.8,7.5,3.0,97.8,66.5,31.9116,-116.2647
2035,1983,40.0,76.0,158.0,51.0,0.0,0.0,0.0,82.5,39.0,6.5,45.8,41.0,31.9116,-116.2647
2035,1984,19.7,0.4,0.0,13.8,0.0,0.0,12.5,7.0,3.6,0.2,21.3,95.2,31.9116,-116.2647
2035,1985,17.9,36.0,19.4,3.4,0.0,0.0,4.4,0.0,15.0,16.7,67.5,16.5,31.9116,-116.2647
2035,1986,9.3,45.8,91.2,3.0,0.0,0.0,2.6,3.5,6.8,9.3,8.3,18.5,31.9116,-116.2647
2035,1987,39.3,72.9,49.8,9.0,3.3,,,,,,,,31.9116,-116.2647
2035,1988,,,,47.0,2.0,0.0,21.5,19.0,0.0,0.0,6.0,19.0,31.9116,-116.2647
2035,1989,19.3,5.5,22.8,1.5,2.1,0.0,0.0,0.0,1.5,5.2,0.2,5.1,31.9116,-116.2647
2035,1990,63.1,39.1,22.2,8.4,3.3,3.2,0.0,0.0,2.0,0.0,0.0,29.6,31.9116,-116.2647
2036,1936,0.0,75.0,33.0,4.0,0.0,0.0,40.01,64.01,0.0,21.03,17.01,92.02,32.0491,-116.6808
2036,1954,,,131.2,2.1,1.0,0.1,3.8,1.5,0.6,0.0,14.7,8.0,32.0491,-116.6808
2036,1955,84.4,16.0,10.0,27.5,17.7,90.5,1.0,5.1,6.0,0.3,13.5,37.1,32.0491,-116.6808
2036,1956,23.5,23.0,2.0,25.3,4.0,0.0,0.0,0.0,0.0,8.2,0.0,8.0,32.0491,-116.6808
2036,1957,189.5,15.8,22.0,17.0,18.8,3.5,0.0,3.0,10.1,42.7,29.4,9.0,32.0491,-116.6808
2036,1958,10.8,75.4,85.5,53.0,97.0,0.0,0.0,0.0,9.0,0.0,27.5,0.0,32.0491,-116.6808
2036,1959,0.0,62.9,0.0,0.0,0.0,0.0,0.0,0.0,0.0,2.5,0.0,52.6,32.0491,-116.6808
2036,1960,22.0,52.5,1.5,18.0,0.0,0.0,0.0,0.0,14.0,10.9,33.5,7.0,32.0491,-116.6808
2036,1961,28.5,2.0,29.0,0.0,0.0,0.0,0.0,7.5,0.0,0.0,18.5,48.0,32.0491,-116.6808
2036,1962,88.0,82.2,41.5,0.0,12.0,0.0,0.0,4.5,0.0,0.5,0.0,11.5,32.0491,-116.6808
2036,1963,13.5,65.5,11.5,27.0,0.0,2.0,0.0,0.0,32.0,18.5,59.5,4.0,32.0491,-116.6808
2036,1964,30.5,16.5,48.0,17.0,6.0,0.0,0.0,0.0,0.0,1.5,37.0,0.0,32.0491,-116.6808
2036,1965,16.0,44.5,28.5,143.5,0.0,0.0,0.0,0.0,5.0,0.0,107.5,165.5,32.0491,-116.6808
2036,1966,55.0,48.5,7.1,0.0,0.0,0.0,4.0,0.0,0.0,0.0,31.0,95.8,32.0491,-116.6808
2036,1967,25.0,0.0,0.7,73.0,0.0,0.0,0.0,5.5,0.0,0.0,44.5,95.5,32.0491,-116.6808
2036,1968,12.5,16.5,14.3,18.5,1.5,1.5,15.0,0.0,0.0,1.5,13.0,27.5,32.0491,-116.6808
2036,1969,144.0,109.0,46.0,0.7,13.5,1.5,0.0,7.0,0.0,0.0,22.5,10.0,32.0491,-116.6808
2036,1970,10.52,34.0,79.5,10.02,0.0,0.0,6.0,0.0,0.0,3.0,,60.05,32.0491,-116.6808
2036,1971,16.0,39.5,0.0,29.5,19.5,0.0,0.0,0.0,8.5,33.5,1.0,60.0,32.0491,-116.6808
2036,1972,0.0,1.5,0.0,3.5,8.0,9.0,0.0,0.0,10.0,58.5,54.0,24.5,32.0491,-116.6808
2036,1973,56.5,65.5,130.0,1.5,0.0,0.0,0.0,3.0,0.0,0.0,43.5,8.5,32.0491,-116.6808
2036,1974,81.5,3.0,41.0,0.0,0.0,0.0,1.0,0.0,0.0,37.5,3.0,37.5,32.0491,-116.6808
2036,1975,20.5,30.5,74.5,67.0,0.5,2.0,0.0,0.0,1.0,3.0,30.0,8.5,32.0491,-116.6808
2036,1976,5.0,174.0,48.0,40.0,1.0,0.0,0.0,0.0,59.5,7.5,53.0,40.5,32.0491,-116.6808
2036,1977,43.5,2.0,22.5,4.5,21.5,0.0,0.0,64.0,0.0,22.0,8.0,106.0,32.0491,-116.6808
2036,1978,177.5,179.5,214.1,33.0,0.0,0.0,0.0,0.0,1.5,1.5,117.0,77.0,32.0491,-116.6808
2036,1979,125.0,25.8,112.0,1.5,5.5,0.0,0.0,0.0,0.0,9.5,8.0,14.0,32.0491,-116.6808
2036,1980,219.3,271.0,87.0,25.5,7.5,0.0,0.0,0.0,0.0,7.0,0.0,9.5,32.0491,-116.6808
2036,1981,25.0,62.5,98.0,17.5,5.0,0.0,0.0,0.0,6.4,6.0,44.5,19.0,32.0491,-116.6808
2036,1982,71.5,40.0,116.1,7.0,0.0,0.0,0.0,1.0,16.5,4.5,94.0,76.0,32.0491,-116.6808
2036,1983,49.5,115.0,222.8,63.0,0.0,0.0,0.0,12.0,56.5,38.5,58.5,35.5,32.0491,-116.6808
2036,1984,7.0,0.0,1.3,14.0,0.0,0.0,2.0,0.0,0.0,4.0,37.0,111.0,32.0491,-116.6808
2036,1985,98.0,28.8,16.5,4.0,0.0,1.0,3.0,0.0,15.8,31.5,93.0,25.0,32.0491,-116.6808
2036,1986,23.1,69.3,62.7,3.5,0.0,0.0,1.5,0.0,10.0,6.0,15.0,21.0,32.0491,-116.6808
2036,1987,50.0,79.0,38.0,15.5,0.0,0.0,1.0,1.0,3.5,133.5,109.8,72.1,32.0491,-116.6808
2036,1988,74.0,44.3,16.0,106.0,6.0,0.0,1.0,0.0,0.0,0.0,13.5,27.3,32.0491,-116.6808
2036,1989,20.5,8.5,27.0,2.0,4.0,0.0,0.0,0.0,7.5,4.0,0.0,9.0,32.0491,-116.6808
2036,1990,82.0,23.5,0.0,,8.0,2.5,0.0,0.0,0.0,0.0,35.5,29.0,32.0491,-116.6808
2036,1991,0.0,141.0,149.5,0.0,0.0,0.0,20.0,,,,,,32.0491,-116.6808
2036,1993,231.9,126.5,30.2,30.01,12.0,2.01,0.0,0.0,0.0,0.0,27.01,0.0,32.0491,-116.6808
2036,1994,28.3,69.0,51.0,26.0,0.0,0.0,0.0,0.0,0.0,6.5,13.0,26.5,32.0491,-116.6808
2036,1995,171.41,94.2,121.0,31.8,105.0,33.0,,0.0,0.0,0.0,0.0,0.0,32.0491,-116.6808
2036,1996,,36.11,52.31,0.0,0.0,0.0,,,,,,,32.0491,-116.6808
2036,1997,0.0,23.0,0.0,,,0.0,0.0,0.0,24.9,0.0,0.0,4.0,32.0491,-116.6808
2036,1998,54.01,259.9,114.8,80.21,,,,,,0.0,22.4,27.5,32.0491,-116.6808
2036,1999,0.0,23.0,35.0,75.2,0.0,,,,,,,,32.0491,-116.6808
2036,2000,0.0,82.0,28.8,17.8,0.0,0.0,0.0,0.0,0.0,,,,32.0491,-116.6808
2036,2005,,,,,,,,,,0.0,0.0,0.0,32.0491,-116.6808
2036,2006,25.0,5.0,77.5,31.5,25.5,7.0,0.0,,,,,30.5,32.0491,-116.6808
2036,2007,13.0,64.0,7.5,15.0,2.0,0.0,0.0,0.0,0.0,0.0,57.5,23.5,32.0491,-116.6808
2036,2008,103.6,45.0,12.0,0.0,12.0,0.0,0.0,4.0,0.0,1.0,54.0,0.0,32.0491,-116.6808
2036,2009,2.0,96.5,0.0,6.5,0.0,1.0,0.0,0.0,0.0,0.0,24.0,0.0,32.0491,-116.6808
2036,2010,236.0,87.5,0.0,0.0,0.0,0.0,0.0,0.0,0.0,63.5,25.5,0.0,32.0491,-116.6808
2036,2011,4.0,113.0,44.0,38.0,7.5,0.0,0.0,0.0,0.0,7.0,95.5,42.5,32.0491,-116.6808
2036,2012,9.5,55.0,63.0,60.5,0.0,0.0,2.0,0.0,8.5,3.0,,,32.0491,-116.6808
2036,2013,95.0,61.0,44.0,0.0,21.0,0.0,0.0,3.2,0.0,26.1,7.0,21.0,32.0491,-116.6808
2036,2014,2.0,11.0,22.0,,0.0,0.0,0.0,0.0,0.0,0.0,12.0,78.0,32.0491,-116.6808
2036,2015,18.0,13.5,75.5,,1.7,0.0,0.0,0.0,11.5,0.0,21.0,49.5,32.0491,-116.6808
2036,2016,138.5,36.5,32.2,,15.5,0.0,0.0,0.0,26.0,0.0,16.7,173.0,32.0491,-116.6808
2036,2017,175.4,126.9,12.8,,24.1,0.0,0.0,9.5,1.5,0.0,8.0,0.0,32.0491,-116.6808
2036,2018,75.0,31.0,15.0,,2.0,0.0,,,,,,,32.0491,-116.6808
2036,2019,51.0,162.0,19.0,0.0,31.5,0.0,0.0,0.0,7.0,0.0,129.9,117.0,32.0491,-116.6808
2036,2020,17.0,26.7,123.1,61.5,0.0,0.0,0.0,0.0,0.0,0.0,15.0,15.8,32.0491,-116.6808
2049,1956,,,,,,,,,0.0,13.0,0.0,0.0,32.1325,-116.165
2049,1957,175.0,10.5,12.5,18.0,20.5,9.5,1.5,9.5,1.5,83.0,31.5,32.5,32.1325,-116.165
2049,1958,12.5,132.5,193.5,99.5,8.3,0.5,20.5,39.0,5.0,0.0,32.3,0.0,32.1325,-116.165
2049,1959,5.5,69.0,0.0,4.5,2.0,0.0,11.5,3.0,4.0,13.5,9.0,63.5,32.1325,-116.165
2049,1960,68.0,61.5,4.5,12.5,0.0,0.0,37.5,0.0,19.0,0.0,52.6,12.5,32.1325,-116.165
2049,1961,29.5,18.5,30.5,0.0,0.0,0.0,84.0,20.0,28.0,8.0,20.5,,32.1325,-116.165
2049,1962,5.3,6.6,13.5,1.3,12.0,0.0,0.0,0.2,0.0,0.0,0.0,0.0,32.1325,-116.165
2049,1963,1.5,3.6,5.2,2.2,0.0,0.0,0.0,3.0,39.0,9.0,51.0,8.5,32.1325,-116.165
2049,1964,47.2,18.0,55.5,13.1,18.0,0.0,3.0,12.0,0.0,5.0,36.2,24.2,32.1325,-116.165
2049,1965,19.0,5.2,12.6,153.5,0.0,0.0,2.6,26.0,6.0,0.0,112.0,155.0,32.1325,-116.165
2049,1966,22.6,23.6,25.0,2.0,1.0,10.5,8.0,18.5,12.5,44.5,37.0,124.0,32.1325,-116.165
2049,1967,28.5,0.0,17.5,58.5,6.0,0.0,37.5,29.0,35.0,0.0,59.5,137.5,32.1325,-116.165
2049,1968,10.5,7.0,24.0,20.5,4.5,0.0,95.5,2.0,0.0,0.0,20.5,47.5,32.1325,-116.165
2049,1969,167.0,112.0,48.5,5.0,13.5,0.0,0.0,,16.5,0.0,32.0,15.0,32.1325,-116.165
2049,1970,22.0,84.5,86.0,14.0,0.0,0.0,23.0,1.0,1.5,9.0,25.0,25.0,32.1325,-116.165
2049,1971,20.5,35.5,11.0,33.4,14.0,0.0,35.0,51.0,4.5,19.0,11.5,65.6,32.1325,-116.165
2049,1972,0.0,2.0,0.0,3.6,3.0,0.0,22.5,1.0,3.0,53.5,54.0,49.5,32.1325,-116.165
2049,1973,44.5,80.5,115.5,6.0,0.0,0.0,0.0,36.0,0.0,0.0,42.0,5.5,32.1325,-116.165
2049,1974,104.0,7.0,36.0,5.0,2.0,0.0,119.01,7.0,38.0,48.0,8.0,30.0,32.1325,-116.165
2049,1975,12.0,29.0,69.5,59.0,0.0,1.0,4.0,19.0,13.0,1.0,31.0,14.0,32.1325,-116.165
2049,1976,0.5,154.0,33.5,50.0,0.0,0.0,25.0,0.0,70.0,15.0,41.0,34.0,32.1325,-116.165
2049,1977,57.0,18.0,30.5,6.0,24.5,0.0,12.0,127.5,0.0,28.5,15.0,129.5,32.1325,-116.165
2049,1978,202.0,202.0,186.5,36.0,1.0,0.0,5.5,19.5,7.5,8.5,97.0,85.5,32.1325,-116.165
2049,1979,164.8,6.8,134.0,1.0,14.5,0.0,34.5,20.0,9.5,28.0,8.0,19.0,32.1325,-116.165
2049,1980,237.8,338.0,74.5,27.5,14.0,0.0,25.5,21.0,5.5,2.0,0.0,12.0,32.1325,-116.165
2049,1981,34.0,55.0,90.5,22.0,2.0,0.0,29.0,26.5,32.0,4.5,54.0,17.0,32.1325,-116.165
2049,1982,129.0,67.5,132.2,12.6,2.5,0.0,103.5,126.0,34.3,4.0,164.0,,32.1325,-116.165
2049,1983,6.5,179.8,191.1,48.3,,0.0,0.0,157.3,69.0,,77.5,51.8,32.1325,-116.165
2049,1984,3.1,0.0,0.0,17.1,,,141.4,27.9,,,,98.5,32.1325,-116.165
2049,1985,,,,0.0,,0.0,71.5,,,,,,32.1325,-116.165
2066,1961,,,,,,,,,,0.1,11.7,109.8,32.0036,-115.9483
2066,1962,37.1,57.6,41.0,0.0,5.0,0.0,0.0,35.0,17.0,0.0,0.0,22.0,32.0036,-115.9483
2066,1963,28.0,48.0,98.5,48.0,0.0,0.0,0.0,41.0,19.51,26.0,75.0,7.0,32.0036,-115.9483
2066,1964,76.0,6.0,29.0,0.0,16.0,0.0,0.0,0.0,0.0,0.0,38.0,0.0,32.0036,-115.9483
2066,1965,0.0,50.0,46.0,90.0,0.0,0.0,0.0,34.0,0.0,0.0,73.6,62.3,32.0036,-115.9483
2066,1966,28.5,19.6,8.0,0.0,1.0,6.0,1.5,33.6,7.4,44.8,43.0,71.7,32.0036,-115.9483
2066,1967,30.5,0.0,30.1,46.1,9.2,0.0,63.4,15.4,75.4,15.7,37.0,71.4,32.0036,-115.9483
2066,1968,3.0,1.5,16.4,3.4,0.0,0.0,42.7,5.2,0.0,5.0,4.0,12.5,32.0036,-115.9483
2066,1969,43.0,57.5,0.0,0.0,0.0,,,10.5,0.0,0.0,23.5,16.5,32.0036,-115.9483
2066,1970,20.5,15.0,29.2,34.5,0.0,0.0,27.3,6.2,2.3,0.2,2.7,36.6,32.0036,-115.9483
2066,1971,2.6,9.0,13.0,9.0,0.0,0.0,0.0,0.0,22.0,28.0,0.0,30.0,32.0036,-115.9483
2066,1972,0.0,0.0,0.0,0.0,0.0,0.0,2.0,28.5,2.1,56.5,52.5,30.5,32.0036,-115.9483
2066,1973,24.5,48.5,48.0,4.0,1.0,0.0,0.0,40.4,0.0,0.0,35.7,17.0,32.0036,-115.9483
2066,1974,79.0,1.0,39.0,3.0,3.0,0.0,75.5,12.0,1.5,94.0,0.0,13.0,32.0036,-115.9483
2066,1975,,22.0,71.0,27.0,0.0,6.0,7.0,1.0,39.5,,29.0,0.0,32.0036,-115.9483
2066,1976,0.0,138.0,24.0,19.0,0.0,0.0,16.0,0.0,90.4,23.0,15.7,5.5,32.0036,-115.9483
2066,1977,29.1,0.3,13.0,4.0,2.5,0.0,28.5,108.5,30.3,22.5,7.5,127.8,32.0036,-115.9483
2066,1978,105.1,109.0,222.5,9.5,0.0,0.0,20.0,28.9,0.0,19.5,71.9,91.5,32.0036,-115.9483
2066,1979,113.1,,126.0,0.0,15.7,0.0,0.0,34.8,25.5,12.8,13.0,18.0,32.0036,-115.9483
2066,1980,215.3,301.0,87.0,31.0,32.0,0.0,17.0,54.0,0.0,9.0,0.0,49.0,32.0036,-115.9483
2066,1981,22.0,94.3,87.0,21.5,8.0,0.0,39.5,34.0,10.0,6.0,21.5,3.0,32.0036,-115.9483
2066,1982,95.0,112.0,173.0,43.0,0.0,0.0,14.0,107.0,5.5,5.5,172.0,62.0,32.0036,-115.9483
2066,1983,74.0,104.8,292.3,103.7,0.0,0.0,0.0,156.5,117.5,15.0,75.0,13.0,32.0036,-115.9483
2066,1984,15.5,0.0,0.0,19.0,0.0,0.0,308.5,102.0,0.0,0.0,31.0,66.0,32.0036,-115.9483
2066,1985,114.5,47.0,33.0,8.4,0.0,0.5,96.5,34.5,21.5,47.5,104.3,36.0,32.0036,-115.9483
2066,1986,20.0,74.0,116.0,1.5,0.0,0.0,17.5,74.0,27.7,14.5,14.5,26.0,32.0036,-115.9483
2066,2011,20.0,73.0,49.0,0.0,32.0,0.0,239.0,21.0,0.0,25.0,52.0,43.0,32.0036,-115.9483
2066,2012,23.0,28.0,73.0,26.0,0.0,0.0,2.0,60.0,114.0,0.0,10.0,109.0,32.0036,-115.9483
2066,2013,0.0,61.0,0.0,113.0,,,,,,,,,32.0036,-115.9483
2079,1980,,,,,,,,,,,0.0,0.0,31.8355,-116.2038
2079,1981,23.7,34.1,75.3,17.8,1.6,0.0,0.0,0.0,0.2,1.7,24.1,25.0,31.8355,-116.2038
2079,1982,55.8,15.3,99.2,13.5,0.0,2.5,0.0,0.0,3.5,1.5,61.0,30.9,31.8355,-116.2038
2079,1983,42.3,99.0,183.6,49.7,1.2,0.0,0.0,5.4,4.6,15.9,32.3,49.7,31.8355,-116.2038
2079,1984,7.8,0.0,0.0,12.1,0.0,2.0,21.2,13.0,1.0,6.3,45.3,132.0,31.8355,-116.2038
2079,1985,12.72,28.6,17.92,4.52,1.0,1.6,0.03,0.0,1.05,12.02,117.51,24.2,31.8355,-116.2038
2079,1986,21.4,45.0,59.7,2.5,0.0,0.0,0.8,0.0,17.0,26.0,8.3,45.0,31.8355,-116.2038
2079,1987,56.0,54.8,27.4,14.9,2.5,0.0,0.0,2.0,0.0,90.1,25.1,71.3,31.8355,-116.2038
2079,1988,38.5,50.0,18.0,68.5,5.5,0.0,0.0,0.0,0.0,0.0,14.0,60.5,31.8355,-116.2038
2079,1989,13.0,22.0,27.5,0.0,2.5,0.0,0.0,0.0,7.5,4.5,1.0,19.5,31.8355,-116.2038
2079,1990,70.0,27.55,14.54,29.52,4.52,23.5,0.0,1.01,0.0,0.02,13.5,14.52,31.8355,-116.2038
2079,1991,39.52,25.4,133.41,3.52,0.01,0.0,3.0,0.0,0.03,14.52,3.04,52.03,31.8355,-116.2038
2079,1992,59.53,116.55,0.0,13.02,,,,,,10.52,1.02,66.53,31.8355,-116.2038
2079,1993,375.63,0.0,38.33,0.0,0.02,6.51,0.01,0.0,0.0,4.02,23.01,20.01,31.8355,-116.2038
2079,1994,16.52,67.05,53.01,40.0,0.52,0.01,0.0,1.51,1.06,2.04,8.52,26.52,31.8355,-116.2038
2079,1995,132.55,55.04,114.84,25.22,13.53,7.01,2.0,0.0,0.01,0.01,5.1,8.57,31.8355,-116.2038
2079,1996,35.02,39.08,46.53,1.52,0.0,0.01,1.01,0.02,3.55,35.06,30.03,19.52,31.8355,-116.2038
2079,1997,76.94,16.03,16.72,10.02,1.0,0.02,0.0,0.0,27.52,0.03,26.43,75.12,31.8355,-116.2038
2079,1998,44.04,260.92,89.35,42.17,21.72,1.04,0.0,,7.0,8.04,19.77,27.93,31.8355,-116.2038
2079,1999,46.28,17.9,23.71,53.31,0.0,5.52,0.0,0.0,8.5,0.0,0.0,15.81,31.8355,-116.2038
2079,2000,3.5,50.51,18.91,14.31,0.0,3.0,0.0,3.0,7.8,18.5,7.3,1.0,31.8355,-116.2038
2079,2001,108.5,60.0,29.4,28.7,0.0,0.0,2.5,0.0,0.0,0.0,34.6,16.3,31.8355,-116.2038
2079,2002,15.8,7.2,21.7,16.8,0.0,0.0,0.0,0.0,10.5,1.0,31.5,36.6,31.8355,-116.2038
2079,2003,1.01,109.2,52.11,16.01,9.9,3.41,0.03,0.0,0.0,0.01,20.83,14.62,31.8355,-116.2038
2079,2004,18.12,93.23,13.8,18.3,0.0,0.0,0.0,0.0,0.0,194.0,19.0,65.72,31.8355,-116.2038
2079,2005,99.92,119.41,34.22,4.91,0.41,0.6,0.2,0.0,0.01,7.61,0.0,3.7,31.8355,-116.2038
2079,2006,7.5,49.0,71.42,22.41,16.51,0.0,5.82,1.01,0.0,10.01,4.5,17.5,31.8355,-116.2038
2079,2007,23.4,63.62,8.41,11.72,0.8,0.0,0.0,0.0,0.61,3.8,23.3,15.91,31.8355,-116.2038
2079,2008,86.71,28.13,9.0,1.0,4.02,0.0,0.0,0.02,0.5,1.0,65.91,129.61,31.8355,-116.2038
2079,2009,3.02,50.01,2.2,24.01,1.5,0.02,0.0,0.02,0.01,0.0,9.52,86.71,31.8355,-116.2038
2079,2010,150.71,86.7,33.0,54.91,0.0,0.0,0.6,0.0,0.0,47.52,20.7,0.01,31.8355,-116.2038
2079,2011,21.8,132.5,43.81,8.61,4.7,1.0,0.01,0.0,2.02,13.0,81.64,34.0,31.8355,-116.2038
2094,1974,,,39.4,,0.0,0.0,0.0,0.0,4.6,46.7,7.6,38.8,31.9833,-116.6666
2094,1975,17.0,12.0,57.5,65.3,0.0,2.4,0.0,0.0,0.0,0.0,12.0,9.2,31.9833,-116.6666
2094,1976,0.0,167.9,20.4,,,,,,,,3.0,37.5,31.9833,-116.6666
2094,1977,46.8,0.0,,,,,,,,,,,31.9833,-116.6666
2094,1981,,,,,,,,,1.5,3.0,0.0,,31.9833,-116.6666
2094,1982,4.3,32.3,54.0,8.0,,,,,,1.0,69.0,12.5,31.9833,-116.6666
2094,1983,38.5,107.5,115.4,36.8,0.0,0.0,0.0,2.6,30.8,39.0,13.0,26.4,31.9833,-116.6666
2094,1984,9.1,0.0,0.0,7.2,0.0,0.0,0.5,1.8,,,,117.0,31.9833,-116.6666
2094,1985,18.2,,,6.0,1.3,0.0,0.5,0.0,7.4,38.8,,,31.9833,-116.6666
2094,1986,12.9,17.6,74.2,4.5,0.0,0.0,,0.0,15.5,5.0,0.0,,31.9833,-116.6666
2114,1979,,,,,,,,,,15.0,10.0,,32.2436,-116.5844
2114,1980,180.5,197.2,87.0,36.0,,,,,,,,,32.2436,-116.5844
2114,1981,,,,,,0.0,0.0,,,,,14.0,32.2436,-116.5844
2114,1982,131.0,58.0,123.8,23.8,0.0,0.0,0.0,0.0,7.9,4.0,131.5,77.0,32.2436,-116.5844
2114,1983,71.2,163.5,240.7,92.3,0.0,0.0,0.0,55.4,18.6,43.0,65.8,60.3,32.2436,-116.5844
2114,1984,5.51,0.02,0.01,14.8,0.0,0.0,8.7,2.5,0.0,,,,32.2436,-116.5844
2114,1985,7.8,43.3,13.52,3.0,,,,0.0,16.22,25.1,156.71,38.2,32.2436,-116.5844
2114,1986,25.2,110.0,100.3,0.0,0.0,0.0,,,19.3,20.4,,,32.2436,-116.5844
2114,1987,,,,,1.0,7.6,,0.0,,,,,32.2436,-116.5844
2114,1989,,,,1.0,,0.0,0.0,0.0,0.0,,,4.6,32.2436,-116.5844
2114,1990,38.0,0.0,0.0,0.0,0.0,0.0,0.0,0.0,0.0,0.0,0.0,0.0,32.2436,-116.5844
2114,1991,0.0,,159.0,0.0,1.0,0.0,12.0,0.0,24.0,0.0,0.0,86.0,32.2436,-116.5844
2114,1992,21.5,132.0,214.0,7.0,5.0,0.5,0.0,0.0,0.0,11.0,0.0,93.0,32.2436,-116.5844
2114,1993,0.0,74.0,0.0,0.0,0.0,5.0,0.0,14.0,0.0,2.0,37.5,32.0,32.2436,-116.5844
2114,1994,21.0,80.5,55.0,25.0,0.0,6.0,0.0,7.0,0.0,1.0,10.0,27.0,32.2436,-116.5844
2114,1995,55.0,100.0,133.3,32.0,17.0,3.0,11.0,0.0,0.0,0.0,10.0,25.0,32.2436,-116.5844
2114,1996,11.0,45.5,51.0,2.0,0.0,0.0,0.0,1.0,14.0,,20.0,8.0,32.2436,-116.5844
2114,1997,50.0,29.0,0.0,6.0,0.0,0.0,0.0,0.0,12.0,0.0,11.0,15.01,32.2436,-116.5844
2114,1998,15.03,239.0,127.01,43.91,24.02,0.0,2.0,19.31,2.8,0.0,24.5,16.0,32.2436,-116.5844
2114,1999,27.0,17.0,22.0,67.0,0.0,0.0,0.0,0.0,1.0,0.0,0.0,7.0,32.2436,-116.5844
2114,2000,4.0,82.0,30.1,2.0,0.0,2.0,0.0,0.0,0.0,2.0,6.0,12.0,32.2436,-116.5844
2114,2001,44.0,,,,,,,0.0,0.0,0.0,3.0,18.0,32.2436,-116.5844
2114,2002,5.0,2.0,16.0,5.0,0.0,0.0,0.0,0.0,12.0,0.0,0.0,34.5,32.2436,-116.5844
2114,2003,3.0,94.5,41.0,20.0,0.0,0.0,0.0,0.0,0.0,0.0,17.0,28.0,32.2436,-116.5844
2114,2004,6.0,65.0,4.0,17.0,0.0,0.0,0.0,0.0,0.0,150.5,25.0,103.0,32.2436,-116.5844
2114,2005,69.0,124.0,25.0,2.0,0.0,0.0,0.0,0.0,0.0,0.0,0.0,0.0,32.2436,-116.5844
2114,2006,7.0,5.0,79.0,31.0,16.0,0.0,0.0,0.0,0.0,0.0,0.0,6.0,32.2436,-116.5844
2114,2007,14.0,47.0,0.0,12.0,0.0,0.0,0.0,0.0,0.0,0.0,0.01,26.5,32.2436,-116.5844
2114,2008,160.0,57.01,6.0,0.0,4.0,0.0,0.0,0.0,3.0,0.0,22.5,,32.2436,-116.5844
2114,2009,0.0,99.0,0.0,0.0,0.0,0.0,0.0,0.0,0.0,0.0,17.0,107.0,32.2436,-116.5844
2114,2010,192.0,98.0,57.5,48.0,0.0,0.0,0.0,0.0,0.0,42.0,27.0,153.0,32.2436,-116.5844
2114,2011,2.0,146.5,46.5,13.5,1.0,0.0,2.0,0.0,0.0,0.0,87.5,26.5,32.2436,-116.5844
2114,2013,,,,,17.7,0.0,1.3,20.7,43.0,20.5,12.0,26.0,32.2436,-116.5844
2114,2014,0.0,22.5,16.5,0.0,0.0,0.0,2.3,1.5,,,,73.5,32.2436,-116.5844
2114,2015,26.5,47.2,24.4,0.0,,,,,,,,,32.2436,-116.5844
2114,2017,,,,,,0.0,0.01,2.0,0.0,0.0,3.5,2.0,32.2436,-116.5844
2114,2018,69.3,30.5,16.8,0.0,1.62,0.0,4.0,3.9,0.0,2.4,30.1,60.0,32.2436,-116.5844
2114,2019,32.9,199.1,24.1,7.7,14.6,0.0,2.3,0.0,5.8,5.0,184.9,175.1,32.2436,-116.5844
2114,2020,8.4,47.0,33.3,73.8,0.0,0.2,0.0,0.0,0.0,0.0,14.4,0.0,32.2436,-116.5844
2114,2022,0.0,,,,,,,,,,,,32.2436,-116.5844
2114,2023,156.7,,,,,0.1,0.0,43.0,,0.0,41.01,27.5,32.2436,-116.5844
2114,2024,113.2,122.7,91.1,51.9,0.0,0.0,0.0,0.0,,,0.0,0.0,32.2436,-116.5844
2114,2025,14.8,38.11,,,,,,,,,,,32.2436,-116.5844
2118,1979,,,,,,,,,,,13.0,18.0,31.9188,-116.2341
2118,1980,153.3,191.6,69.5,6.5,6.0,0.0,2.0,6.0,0.0,1.6,0.0,7.8,31.9188,-116.2341
2118,1981,30.8,38.1,64.9,21.5,0.0,0.0,8.5,0.0,16.5,2.5,30.1,4.0,31.9188,-116.2341
2118,1982,73.5,39.9,88.9,8.2,1.3,0.0,,19.5,7.0,2.2,91.9,72.9,31.9188,-116.2341
2118,1983,35.4,83.7,140.6,46.3,1.1,0.0,0.0,101.9,45.2,9.7,38.1,42.7,31.9188,-116.2341
2118,1984,17.3,0.6,0.8,11.5,0.0,0.0,38.5,12.0,3.0,0.1,17.3,96.5,31.9188,-116.2341
2118,1985,16.9,27.8,14.7,4.2,0.0,0.0,3.8,0.0,10.1,23.4,56.8,16.9,31.9188,-116.2341
2118,1986,7.8,41.3,78.6,2.9,0.0,0.0,3.2,5.8,7.5,6.0,,20.5,31.9188,-116.2341
2118,1987,28.5,77.1,24.5,11.2,9.6,0.0,0.0,18.7,5.8,74.8,28.6,50.2,31.9188,-116.2341
2118,1988,62.8,15.3,15.3,65.6,1.8,0.0,29.5,21.9,0.0,0.4,8.4,19.5,31.9188,-116.2341
2118,1989,,,,,3.6,,0.0,,,,,0.0,31.9188,-116.2341
2118,1991,36.83,89.4,146.7,2.0,0.0,0.0,39.8,3.5,18.3,20.0,0.0,48.6,31.9188,-116.2341
2118,1992,39.8,80.0,139.9,2.7,13.0,0.0,0.0,18.9,0.0,18.4,3.1,101.1,31.9188,-116.2341
2118,1993,237.5,144.5,34.4,0.0,0.0,5.6,0.0,16.7,0.0,7.5,27.3,14.4,31.9188,-116.2341
2118,1994,23.4,97.5,54.2,20.1,0.0,0.0,3.0,4.3,0.0,0.0,41.6,37.0,31.9188,-116.2341
2118,1995,150.09,25.6,83.1,32.7,26.0,11.0,0.0,4.5,49.9,0.0,0.0,9.3,31.9188,-116.2341
2118,1996,51.9,44.2,41.4,0.0,0.0,0.0,2.3,17.6,0.0,12.5,7.7,10.0,31.9188,-116.2341
2118,1997,62.4,22.1,6.5,21.1,0.0,8.0,0.0,1.0,37.5,0.0,28.1,92.8,31.9188,-116.2341
2118,1998,22.2,158.9,102.2,42.1,9.1,0.0,0.0,7.1,1.0,0.0,9.5,17.7,31.9188,-116.2341
2118,1999,24.4,22.0,22.9,,0.0,0.0,46.7,0.0,0.0,0.0,0.0,3.5,31.9188,-116.2341
2118,2000,11.7,59.0,36.2,4.0,0.0,15.0,0.0,6.4,0.0,15.7,8.7,3.2,31.9188,-116.2341
2118,2001,72.6,89.5,35.4,30.5,0.0,0.0,11.4,0.0,0.0,0.0,0.0,,31.9188,-116.2341
2118,2002,5.2,0.0,15.7,4.2,157.0,0.0,9.5,0.0,0.0,1.5,10.6,,31.9188,-116.2341
2118,2003,4.0,81.6,44.1,17.8,1.2,0.0,0.0,36.7,0.0,0.0,15.8,2.7,31.9188,-116.2341
2118,2004,7.6,70.3,8.9,9.9,0.0,0.0,0.0,0.0,0.0,118.1,24.9,42.4,31.9188,-116.2341
2118,2005,76.6,65.0,25.4,2.1,4.7,0.0,7.6,28.8,0.0,6.7,0.0,0.0,31.9188,-116.2341
2118,2006,3.2,3.2,56.0,11.4,13.2,0.0,8.1,0.0,0.0,0.0,0.0,15.2,31.9188,-116.2341
2118,2007,15.2,21.2,2.0,0.0,4.2,0.0,0.0,8.5,23.0,0.0,55.5,23.0,31.9188,-116.2341
2118,2008,89.6,45.8,22.8,1.0,5.0,0.0,0.0,14.5,0.0,0.5,24.6,0.0,31.9188,-116.2341
2118,2009,1.0,71.0,0.0,7.2,0.0,0.0,0.0,0.0,0.0,0.0,14.2,50.5,31.9188,-116.2341
2118,2010,199.0,81.4,37.1,39.7,0.0,0.0,0.0,,7.5,72.5,9.0,62.0,31.9188,-116.2341
2118,2011,8.5,104.0,20.5,21.3,7.0,0.0,13.5,0.0,0.0,9.0,47.5,43.1,31.9188,-116.2341
2118,2012,7.5,42.7,35.0,25.8,0.0,0.0,0.0,42.0,9.5,2.5,,,31.9188,-116.2341
2118,2013,59.9,27.5,37.1,1.0,4.3,0.0,7.0,34.2,20.7,12.4,10.5,22.0,31.9188,-116.2341
2118,2014,0.0,46.2,8.4,,0.0,0.0,7.5,20.7,27.0,12.0,2.5,62.0,31.9188,-116.2341
2118,2015,11.2,6.7,30.9,4.0,20.3,10.0,30.5,0.0,3.0,8.0,36.2,23.5,31.9188,-116.2341
2118,2016,97.4,0.0,32.2,47.3,6.0,0.0,9.2,0.0,27.0,0.0,21.5,87.4,31.9188,-116.2341
2118,2017,114.1,58.5,5.2,0.0,12.9,0.0,0.5,48.2,2.0,0.0,7.2,0.0,31.9188,-116.2341
2118,2018,21.6,13.1,20.9,0.0,2.3,0.0,0.0,22.5,4.7,3.7,13.9,59.2,31.9188,-116.2341
2118,2019,30.4,128.03,6.0,1.6,28.6,0.0,6.5,0.0,24.4,0.0,95.6,0.0,31.9188,-116.2341
2118,2020,11.9,17.4,118.8,39.0,0.0,0.0,0.0,0.0,0.0,2.2,10.8,11.8,31.9188,-116.2341
2118,2021,,,,,,,,,,,,0.0,31.9188,-116.2341
2164,1999,,,,,0.0,0.0,0.0,0.0,0.0,0.0,0.0,0.0,32.1063,-115.8522
2164,2000,6.0,88.4,46.1,12.5,0.0,9.0,0.0,0.0,2.51,48.5,11.5,2.5,32.1063,-115.8522
2164,2001,95.0,92.3,32.0,45.5,0.0,0.0,1.5,1.5,0.0,0.0,0.0,9.0,32.1063,-115.8522
2164,2002,6.8,3.0,33.5,13.5,0.0,0.0,0.0,0.0,12.0,1.0,26.5,52.5,32.1063,-115.8522
2164,2003,3.0,0.0,46.0,29.5,8.0,2.0,7.5,2.0,0.0,0.0,14.0,34.5,32.1063,-115.8522
2164,2004,17.0,182.0,37.0,20.0,0.0,0.0,0.0,0.0,0.0,312.0,36.0,70.6,32.1063,-115.8522
2164,2005,69.2,114.5,34.0,6.0,3.0,0.0,0.0,0.0,0.1,0.9,0.0,0.0,32.1063,-115.8522
2164,2006,13.5,19.0,88.0,35.5,15.5,1.5,6.5,0.0,0.0,6.0,3.0,26.0,32.1063,-115.8522
2164,2007,13.5,47.6,6.5,9.0,0.0,0.0,0.0,0.0,7.0,0.0,47.5,23.5,32.1063,-115.8522
2164,2008,127.5,47.0,14.0,0.0,12.0,0.0,0.0,2.0,0.0,1.0,47.0,,32.1063,-115.8522
2164,2009,5.5,97.0,0.0,11.0,0.0,0.0,0.0,0.0,0.0,0.0,21.0,107.5,32.1063,-115.8522
2164,2010,193.5,121.5,37.5,58.5,0.0,0.0,8.0,2.0,13.0,46.5,36.0,1.5,32.1063,-115.8522
2164,2011,8.0,62.0,43.0,15.0,14.0,0.0,0.0,0.0,0.0,13.0,89.0,35.5,32.1063,-115.8522
2164,2012,11.0,62.5,58.5,54.0,0.0,0.0,0.0,0.0,18.0,7.3,,,32.1063,-115.8522
2164,2013,71.5,39.0,55.5,5.5,10.5,0.0,0.0,0.0,0.0,39.0,4.0,20.0,32.1063,-115.8522
2164,2014,6.5,19.0,42.5,8.0,0.0,0.0,0.0,0.0,0.0,0.0,3.0,73.0,32.1063,-115.8522
2164,2015,27.0,25.5,38.0,,52.5,0.0,0.0,0.0,0.0,5.0,23.5,59.5,32.1063,-115.8522
2164,2016,93.0,32.0,30.0,,18.5,0.0,10.0,0.0,25.5,1.1,27.0,151.5,32.1063,-115.8522
2164,2017,169.0,126.0,9.0,,19.0,0.0,0.0,1.0,2.0,,,,32.1063,-115.8522
2164,2018,56.0,25.0,22.0,,0.0,0.0,0.0,0.0,0.0,,,,32.1063,-115.8522
2164,2020,18.5,30.0,127.0,,,,,,,,,,32.1063,-115.8522
2164,2023,150.51,118.2,90.01,0.0,0.0,0.0,0.0,44.0,0.0,0.0,46.0,0.01,32.1063,-115.8522
2164,2024,50.0,120.01,68.01,8.0,0.0,0.0,0.0,,,,,,32.1063,-115.8522
